  mype,      init,   an2filt,    vfiltT,    upsend,    hfiltT,    weight,     hfilt,    dnsend,     vfilt,   filt2an,    output,     total
     0,    1.1154,    7.1373,    0.7417,    0.7888,    2.1486,    0.1171,    1.5102,    0.8840,    0.6958,    3.7945,    0.1972,   19.2339
     1,    1.0768,    7.1056,    0.7570,    0.8545,    2.1588,    0.1172,    1.5077,    0.8637,    0.6940,    3.6386,    0.3288,   19.1772
     2,    1.0902,    7.1466,    0.7402,    0.8097,    2.1841,    0.1173,    1.5099,    0.8360,    0.6918,    3.8492,    0.1423,   19.2206
     3,    1.0363,    7.1300,    0.7585,    0.8786,    2.1560,    0.1172,    1.5078,    0.8278,    0.6963,    3.6714,    0.3145,   19.1694
     4,    1.1130,    7.0458,    0.7463,    0.8978,    2.1460,    0.1194,    1.5133,    0.8274,    0.6839,    3.8246,    0.1962,   19.2208
     5,    1.0449,    7.1249,    0.7565,    0.8999,    2.1314,    0.1171,    1.4978,    0.8226,    0.6962,    3.6803,    0.3328,   19.1784
     6,    1.1075,    7.1439,    0.7385,    0.8083,    2.1788,    0.1171,    1.4614,    0.8392,    0.6939,    3.8020,    0.2323,   19.2266
     7,    1.0422,    7.1378,    0.7549,    0.8818,    2.1486,    0.1172,    1.4594,    0.8514,    0.6958,    3.6501,    0.3574,   19.1705
     8,    1.0997,    7.0910,    0.7444,    0.8751,    2.1730,    0.1172,    1.4602,    0.8229,    0.6953,    3.8129,    0.2179,   19.2156
     9,    1.0369,    7.1195,    0.7558,    0.9137,    2.1494,    0.1171,    1.4573,    0.7918,    0.6842,    3.7099,    0.3583,   19.1677
    10,    1.1089,    7.1326,    0.7422,    0.8147,    2.1736,    0.1172,    1.5674,    0.6903,    0.6897,    3.8180,    0.2638,   19.2233
    11,    1.0348,    7.1299,    0.7533,    0.8851,    2.1879,    0.1171,    1.5687,    0.6733,    0.6921,    3.6563,    0.3924,   19.1654
    12,    1.1021,    6.8856,    0.7319,    1.0909,    2.2104,    0.1173,    1.5684,    0.6474,    0.6743,    3.8746,    0.2101,   19.2163
    13,    1.0377,    6.8985,    0.7162,    1.1700,    2.1888,    0.1170,    1.5719,    0.6578,    0.6949,    3.6574,    0.3832,   19.1666
    14,    1.1170,    7.0185,    0.7391,    0.9466,    2.1777,    0.1170,    1.5667,    0.6698,    0.6861,    3.8135,    0.2575,   19.2171
    15,    1.0449,    7.1461,    0.7534,    0.8929,    2.1639,    0.1171,    1.5628,    0.6276,    0.6790,    3.7308,    0.3758,   19.1684
    16,    1.1497,    7.0823,    0.7630,    0.8231,    2.1970,    0.1173,    1.5299,    0.6393,    0.6881,    3.8708,    0.2879,   19.2537
    17,    1.0508,    7.2303,    0.7604,    0.7919,    2.1791,    0.1172,    1.5216,    0.6185,    0.6864,    3.7343,    0.4033,   19.1663
    18,    1.1576,    7.1951,    0.7457,    0.7344,    2.2042,    0.1192,    1.5284,    0.5886,    0.6795,    3.8662,    0.3355,   19.2558
    19,    1.0554,    7.2389,    0.7568,    0.7981,    2.1792,    0.1172,    1.5244,    0.6051,    0.6803,    3.6802,    0.3987,   19.1066
    20,    1.1352,    7.1414,    0.7584,    0.7349,    2.2441,    0.1171,    1.6350,    0.6737,    0.6874,    3.8803,    0.1430,   19.2525
    21,    1.0462,    7.1666,    0.7675,    0.8050,    2.2018,    0.1172,    1.6846,    0.6506,    0.6890,    3.7681,    0.1915,   19.1601
    22,    1.1502,    7.1200,    0.7580,    0.7639,    2.2723,    0.1186,    1.6313,    0.6209,    0.6887,    3.9403,    0.0800,   19.2469
    23,    1.0474,    7.1584,    0.7696,    0.8332,    2.2508,    0.1172,    1.6378,    0.6056,    0.6966,    3.7930,    0.1812,   19.1632
    24,    1.1335,    7.0643,    0.7553,    0.8262,    2.2662,    0.1172,    1.5932,    0.6577,    0.6936,    3.9411,    0.0952,   19.2489
    25,    1.0510,    7.1557,    0.7669,    0.8278,    2.2481,    0.1172,    1.5954,    0.6339,    0.6997,    3.8096,    0.1490,   19.1266
    26,    1.1447,    7.1321,    0.7576,    0.7612,    2.2251,    0.1172,    1.6044,    0.6479,    0.6910,    3.9707,    0.0901,   19.2448
    27,    1.0520,    7.1669,    0.7674,    0.8307,    2.1977,    0.1172,    1.5095,    0.7588,    0.6968,    3.7792,    0.2159,   19.1647
    28,    1.1404,    7.0893,    0.7583,    0.8216,    2.2163,    0.1171,    1.5185,    0.7296,    0.6883,    3.9408,    0.1255,   19.2505
    29,    1.0549,    7.1390,    0.7687,    0.8611,    2.1947,    0.1171,    1.5236,    0.6843,    0.6879,    3.8410,    0.2149,   19.1599
    30,    1.1504,    7.1214,    0.7574,    0.7642,    2.1968,    0.1186,    1.5582,    0.6807,    0.6856,    3.9532,    0.1646,   19.2535
    31,    1.0477,    7.1577,    0.7688,    0.8315,    2.2013,    0.1172,    1.5716,    0.6645,    0.6945,    3.7989,    0.2342,   19.1604
    32,    1.1131,    6.9357,    0.7434,    1.0411,    2.1953,    0.1186,    1.5678,    0.6642,    0.7003,    3.9554,    0.0859,   19.2239
    33,    1.0765,    6.9058,    0.7206,    1.1345,    2.1741,    0.1176,    1.5689,    0.6782,    0.6891,    3.7714,    0.2621,   19.1705
    34,    1.0841,    6.8883,    0.7354,    1.1041,    2.2084,    0.1171,    1.5491,    0.6825,    0.6996,    3.9367,    0.1025,   19.2113
    35,    1.0518,    7.1405,    0.7514,    0.8817,    2.1854,    0.1175,    1.5520,    0.6386,    0.6824,    3.8219,    0.2727,   19.1682
    36,    1.0973,    7.1537,    0.7424,    0.8350,    2.1981,    0.1171,    1.5887,    0.5853,    0.6897,    3.9062,    0.1919,   19.2093
    37,    1.0456,    7.2422,    0.7394,    0.8154,    2.1735,    0.1177,    1.6308,    0.5182,    0.6724,    3.7759,    0.3661,   19.1690
    38,    1.0951,    7.2705,    0.7392,    0.7388,    2.1922,    0.1170,    1.6345,    0.4968,    0.6886,    3.9402,    0.1986,   19.2133
    39,    1.0446,    7.2558,    0.7390,    0.8141,    2.1707,    0.1176,    1.6354,    0.5078,    0.6750,    3.7587,    0.3775,   19.1679
    40,    1.1321,    7.1132,    0.7422,    0.7854,    2.2185,    0.1172,    1.5069,    0.8121,    0.7011,    3.8581,    0.1212,   19.2110
    41,    1.0497,    7.1316,    0.7510,    0.8626,    2.2196,    0.1177,    1.5138,    0.7926,    0.6823,    3.6727,    0.3061,   19.1715
    42,    1.1120,    7.1268,    0.7500,    0.7912,    2.2279,    0.1190,    1.5256,    0.7742,    0.7076,    3.8913,    0.0779,   19.2078
    43,    1.0467,    7.1182,    0.7529,    0.8828,    2.2022,    0.1175,    1.5272,    0.7669,    0.6873,    3.7118,    0.2835,   19.1693
    44,    1.0960,    7.0707,    0.7446,    0.8792,    2.2300,    0.1171,    1.5176,    0.7580,    0.6996,    3.8538,    0.1457,   19.2178
    45,    1.0554,    7.1153,    0.7473,    0.8984,    2.2017,    0.1175,    1.5248,    0.7378,    0.6844,    3.6979,    0.3269,   19.1792
    46,    1.0948,    7.1502,    0.7440,    0.8103,    2.2185,    0.1171,    1.4912,    0.7554,    0.7002,    3.8630,    0.1599,   19.2080
    47,    1.0432,    7.1250,    0.7484,    0.8977,    2.1934,    0.1176,    1.5305,    0.7321,    0.6851,    3.6666,    0.3520,   19.1634
    48,    1.0833,    7.1014,    0.7218,    0.9246,    2.1962,    0.1172,    1.5422,    0.7206,    0.6814,    3.6747,    0.3472,   19.1846
    49,    1.0362,    7.1127,    0.7068,    0.9629,    2.1560,    0.1172,    1.5590,    0.6882,    0.6846,    3.6468,    0.4196,   19.1624
    50,    1.0884,    7.1253,    0.7132,    0.8837,    2.1393,    0.1192,    1.4906,    0.7979,    0.6863,    3.6805,    0.3794,   19.1782
    51,    1.0727,    7.0938,    0.6947,    0.9497,    2.1393,    0.1172,    1.4996,    0.7885,    0.6801,    3.6001,    0.4599,   19.1680
    52,    1.0734,    6.9072,    0.7553,    1.0866,    2.1584,    0.1172,    1.5021,    0.7784,    0.6807,    3.6793,    0.3698,   19.1816
    53,    1.0363,    6.8938,    0.7430,    1.1434,    2.1372,    0.1173,    1.5098,    0.7774,    0.6816,    3.6117,    0.4364,   19.1597
    54,    1.0768,    6.8592,    0.7564,    1.1345,    2.1636,    0.1172,    1.4753,    0.7914,    0.6799,    3.6895,    0.3631,   19.1799
    55,    1.0385,    6.8500,    0.7430,    1.1895,    2.1452,    0.1172,    1.4720,    0.7498,    0.6773,    3.6597,    0.4480,   19.1618
    56,    1.0748,    6.8585,    0.7567,    1.1495,    2.1505,    0.1171,    1.4672,    0.7465,    0.6724,    3.6825,    0.4272,   19.1765
    57,    1.0376,    6.8441,    0.7485,    1.2034,    2.1381,    0.1172,    1.4575,    0.7203,    0.6748,    3.6530,    0.4955,   19.1618
    58,    1.0763,    6.8694,    0.7589,    1.1438,    2.1428,    0.1172,    1.4659,    0.7144,    0.6664,    3.6766,    0.4772,   19.1837
    59,    1.0373,    6.8518,    0.7468,    1.2036,    2.1288,    0.1172,    1.4673,    0.7174,    0.6776,    3.6088,    0.5332,   19.1622
    60,    1.0814,    6.9123,    0.7540,    1.0035,    2.2035,    0.1171,    1.4539,    0.8076,    0.6789,    3.7672,    0.3261,   19.1800
    61,    1.0408,    6.9488,    0.7360,    1.0488,    2.1753,    0.1172,    1.4618,    0.7947,    0.6785,    3.6968,    0.3965,   19.1668
    62,    1.0847,    6.9732,    0.7450,    0.9866,    2.1977,    0.1171,    1.5292,    0.7055,    0.6805,    3.7965,    0.2919,   19.1814
    63,    1.0315,    6.9614,    0.7338,    1.0543,    2.1859,    0.1171,    1.5526,    0.6817,    0.6795,    3.7071,    0.3786,   19.1561
    64,    1.1114,    6.8514,    0.7528,    1.0701,    2.1968,    0.1183,    1.5616,    0.6651,    0.6909,    3.8497,    0.2306,   19.2049
    65,    1.0603,    6.8807,    0.7675,    1.0890,    2.2168,    0.1171,    1.5087,    0.6847,    0.6934,    3.7301,    0.3415,   19.1637
    66,    1.1051,    6.9141,    0.7483,    1.0232,    2.2313,    0.1196,    1.5320,    0.6469,    0.6924,    3.8533,    0.2297,   19.2002
    67,    1.0661,    6.8845,    0.7672,    1.0938,    2.2105,    0.1172,    1.5243,    0.6203,    0.7040,    3.7525,    0.3514,   19.1652
    68,    1.0895,    6.8249,    0.7434,    1.1391,    2.2232,    0.1174,    1.4765,    0.6637,    0.6896,    3.8371,    0.2908,   19.2017
    69,    1.0924,    6.7789,    0.7632,    1.1838,    2.2012,    0.1171,    1.4200,    0.7276,    0.6991,    3.7026,    0.4063,   19.1649
    70,    1.0926,    6.8520,    0.7473,    1.0820,    2.2112,    0.1177,    1.4947,    0.6713,    0.6967,    3.8055,    0.3247,   19.2017
    71,    1.0559,    6.9023,    0.7576,    1.0691,    2.2048,    0.1171,    1.5185,    0.5940,    0.6873,    3.7291,    0.4497,   19.1595
    72,    1.1130,    6.9091,    0.7478,    1.0233,    2.2249,    0.1173,    1.5211,    0.5606,    0.6842,    3.9110,    0.2864,   19.2032
    73,    1.0602,    6.8953,    0.7618,    1.0890,    2.2140,    0.1171,    1.5091,    0.5779,    0.6902,    3.7570,    0.4177,   19.1622
    74,    1.0860,    6.9229,    0.7499,    1.0447,    2.2241,    0.1174,    1.4559,    0.6254,    0.6867,    3.8886,    0.2952,   19.2010
    75,    1.0611,    6.8848,    0.7637,    1.1092,    2.1996,    0.1171,    1.4970,    0.6082,    0.6923,    3.7319,    0.4255,   19.1642
    76,    1.0899,    6.9043,    0.7486,    1.0712,    2.2073,    0.1173,    1.5108,    0.5917,    0.6903,    3.8283,    0.3343,   19.1990
    77,    1.0583,    6.9260,    0.7545,    1.0924,    2.1815,    0.1171,    1.5282,    0.5946,    0.6930,    3.7294,    0.4157,   19.1637
    78,    1.0941,    6.9659,    0.7341,    1.0284,    2.2072,    0.1173,    1.5183,    0.5871,    0.6858,    3.8737,    0.2853,   19.2003
    79,    1.0616,    6.9384,    0.7556,    1.0854,    2.1823,    0.1171,    1.5214,    0.6053,    0.6974,    3.7302,    0.3994,   19.1674
    80,    1.1021,    6.8767,    0.7464,    1.0033,    2.2423,    0.1175,    1.4647,    0.7567,    0.7024,    3.8075,    0.2874,   19.2120
    81,    1.0439,    6.8836,    0.7464,    1.0996,    2.2217,    0.1172,    1.4521,    0.7610,    0.6864,    3.6216,    0.4647,   19.1703
    82,    1.1074,    6.8923,    0.7484,    1.0215,    2.2481,    0.1189,    1.4301,    0.7546,    0.7036,    3.8149,    0.2688,   19.2127
    83,    1.0442,    6.8978,    0.7458,    1.1067,    2.2180,    0.1171,    1.4560,    0.7464,    0.6848,    3.6202,    0.4627,   19.1715
    84,    1.0927,    6.9082,    0.7380,    1.0497,    2.2366,    0.1173,    1.4592,    0.7191,    0.6933,    3.8027,    0.2870,   19.2080
    85,    1.0451,    6.8979,    0.7438,    1.1213,    2.2143,    0.1172,    1.4961,    0.6971,    0.6821,    3.6134,    0.4694,   19.1692
    86,    1.0947,    6.9184,    0.7406,    1.0399,    2.2276,    0.1171,    1.5905,    0.5942,    0.6936,    3.7916,    0.2979,   19.2104
    87,    1.0410,    7.0204,    0.7414,    1.0096,    2.2014,    0.1171,    1.6312,    0.5372,    0.6892,    3.6444,    0.4626,   19.1677
    88,    1.0935,    7.0153,    0.7380,    0.9584,    2.2235,    0.1171,    1.6351,    0.5116,    0.6951,    3.8326,    0.2828,   19.2065
    89,    1.0446,    7.0723,    0.7291,    0.9737,    2.1999,    0.1170,    1.6411,    0.5203,    0.6860,    3.6330,    0.4763,   19.1653
    90,    1.1040,    7.0870,    0.7239,    0.8660,    2.1885,    0.1172,    1.4677,    0.7446,    0.6922,    3.8315,    0.2915,   19.2173
    91,    1.0419,    7.0890,    0.7335,    0.9314,    2.1972,    0.1171,    1.4523,    0.6837,    0.6772,    3.7001,    0.4766,   19.1726
    92,    1.0938,    7.0093,    0.7373,    0.9572,    2.2162,    0.1170,    1.4232,    0.6838,    0.6842,    3.8045,    0.3828,   19.2138
    93,    1.0408,    7.0397,    0.7422,    0.9912,    2.1936,    0.1172,    1.4295,    0.6911,    0.6762,    3.6205,    0.5557,   19.1700
    94,    1.0992,    7.0500,    0.7311,    0.9305,    2.2107,    0.1171,    1.4460,    0.6683,    0.6858,    3.8110,    0.3553,   19.2090
    95,    1.0391,    7.0493,    0.7366,    0.9988,    2.1897,    0.1171,    1.4855,    0.6462,    0.6768,    3.6444,    0.5092,   19.1650
    96,    1.1093,    6.9911,    0.7470,    0.9773,    2.2024,    0.1305,    1.5094,    0.6039,    0.7128,    3.8354,    0.2849,   19.2102
    97,    1.0417,    6.9924,    0.7610,    1.0400,    2.1760,    0.1205,    1.5179,    0.6285,    0.7017,    3.6704,    0.4473,   19.1695
    98,    1.0835,    7.0254,    0.7386,    0.9806,    2.1886,    0.1283,    1.5502,    0.5792,    0.7034,    3.7971,    0.3231,   19.2029
    99,    1.0405,    7.0066,    0.7577,    1.0402,    2.1628,    0.1205,    1.5403,    0.6127,    0.7028,    3.6695,    0.4438,   19.1702
   100,    1.0605,    7.0336,    0.7388,    0.9822,    2.1457,    0.1284,    1.4702,    0.7331,    0.7066,    3.7482,    0.3523,   19.2033
   101,    1.0699,    6.9709,    0.7612,    1.0340,    2.1530,    0.1206,    1.4447,    0.7444,    0.7033,    3.6642,    0.4323,   19.1701
   102,    1.0725,    6.9664,    0.7419,    1.0601,    2.1556,    0.1285,    1.4631,    0.7015,    0.7114,    3.8185,    0.2737,   19.2002
   103,    1.0390,    7.2266,    0.7387,    0.8425,    2.1573,    0.1206,    1.4412,    0.7316,    0.7018,    3.6803,    0.4189,   19.1700
   104,    1.0619,    7.2484,    0.7143,    0.8293,    2.1393,    0.1283,    1.4595,    0.7113,    0.6933,    3.8352,    0.2775,   19.2021
   105,    1.0514,    7.2170,    0.7424,    0.8210,    2.1618,    0.1208,    1.4538,    0.7409,    0.7078,    3.6808,    0.4095,   19.1790
   106,    1.0614,    7.1747,    0.7322,    0.8683,    2.1824,    0.1284,    1.4558,    0.6892,    0.7072,    3.8163,    0.2712,   19.1929
   107,    1.0664,    7.1111,    0.7473,    0.9068,    2.1704,    0.1206,    1.4421,    0.7319,    0.7079,    3.7092,    0.2561,   19.0421
   108,    1.0757,    7.1432,    0.7300,    0.8971,    2.1892,    0.1282,    1.4532,    0.6776,    0.7065,    3.8202,    0.2743,   19.2021
   109,    1.0474,    7.1270,    0.7532,    0.9460,    2.1546,    0.1206,    1.4421,    0.7195,    0.7036,    3.6519,    0.4399,   19.1776
   110,    1.0803,    7.1584,    0.7282,    0.8522,    2.1824,    0.1282,    1.4432,    0.7250,    0.7080,    3.7772,    0.3153,   19.2047
   111,    1.0364,    7.1434,    0.7505,    0.8973,    2.1801,    0.1206,    1.4337,    0.6756,    0.6868,    3.7372,    0.4284,   19.1619
   112,    1.0881,    7.1654,    0.7605,    0.8099,    2.1690,    0.1172,    1.4406,    0.6791,    0.7027,    3.8211,    0.3384,   19.1980
   113,    1.0398,    7.1557,    0.7595,    0.8928,    2.1812,    0.1171,    1.4247,    0.6719,    0.6889,    3.6569,    0.5070,   19.1681
   114,    1.0956,    7.1647,    0.7593,    0.8273,    2.1616,    0.1185,    1.4326,    0.6892,    0.6968,    3.8174,    0.3402,   19.2088
   115,    1.0427,    7.1951,    0.7546,    0.8166,    2.1882,    0.1172,    1.4269,    0.7287,    0.6879,    3.6533,    0.4885,   19.1721
   116,    1.0826,    7.2149,    0.7563,    0.7580,    2.1880,    0.1171,    1.4340,    0.7065,    0.6979,    3.8213,    0.3231,   19.2031
   117,    1.0472,    7.2049,    0.7571,    0.8295,    2.1628,    0.1172,    1.4450,    0.7189,    0.6940,    3.6397,    0.4516,   19.1400
   118,    1.0931,    7.1497,    0.7660,    0.8256,    2.1644,    0.1189,    1.4407,    0.7117,    0.7097,    3.8347,    0.2861,   19.2067
   119,    1.0419,    7.1513,    0.7593,    0.9035,    2.1424,    0.1171,    1.4366,    0.7318,    0.6971,    3.6451,    0.4730,   19.1719
   120,    1.0979,    7.1480,    0.7602,    0.7829,    2.1748,    0.1171,    1.4362,    0.7656,    0.7072,    3.7926,    0.3170,   19.2041
   121,    1.0488,    7.1565,    0.7602,    0.8645,    2.1813,    0.1171,    1.4314,    0.7512,    0.6999,    3.6327,    0.4618,   19.1774
   122,    1.0865,    7.1254,    0.7591,    0.8547,    2.1586,    0.1171,    1.4433,    0.7498,    0.7065,    3.8075,    0.2793,   19.1947
   123,    1.0585,    7.2519,    0.7483,    0.7872,    2.1569,    0.1173,    1.4254,    0.7640,    0.7009,    3.6418,    0.4467,   19.1712
   124,    1.0828,    7.2655,    0.7444,    0.7503,    2.1403,    0.1174,    1.4342,    0.7645,    0.7077,    3.8206,    0.2751,   19.2057
   125,    1.0496,    7.2647,    0.7485,    0.4014,    2.3677,    0.0586,    0.9547,    1.4803,    0.6991,    3.6482,    0.4378,   19.1828
   126,    1.0803,    7.1967,    0.7598,    0.3760,    2.3892,    0.0586,    0.9860,    1.4573,    0.7064,    3.8295,    0.2631,   19.2067
   127,    1.0396,    7.1860,    0.7601,    0.4455,    2.3650,    0.0585,    1.0184,    1.4445,    0.7006,    3.6954,    0.2561,   19.0418
   128,    1.1499,    7.1112,    0.7458,    0.3339,    2.4794,    0.0586,    0.9907,    1.4438,    0.6914,    3.8836,    0.2523,   19.2461
   129,    1.0352,    7.1693,    0.7416,    0.4506,    2.4048,    0.0586,    1.0003,    1.4417,    0.6805,    3.6593,    0.4531,   19.1673
   130,    1.1543,    7.1263,    0.7511,    0.3571,    2.4137,    0.0597,    0.9749,    1.4567,    0.6950,    3.8636,    0.2842,   19.2404
   131,    1.0391,    7.1927,    0.7424,    0.4665,    2.3464,    0.0586,    0.9827,    1.4229,    0.6695,    3.6666,    0.5078,   19.1675
   132,    1.1469,    7.1661,    0.7409,    0.3859,    2.3454,    0.0586,    0.9744,    1.4280,    0.6809,    3.8271,    0.3858,   19.2428
   133,    1.0340,    7.2108,    0.7316,    0.4753,    2.3270,    0.0586,    0.9951,    1.4107,    0.6620,    3.6038,    0.5862,   19.1673
   134,    1.2023,    7.0983,    0.7432,    0.3947,    2.3515,    0.0586,    0.9822,    1.4206,    0.6835,    3.8324,    0.3714,   19.2418
   135,    1.0371,    7.2411,    0.7349,    0.4433,    2.3326,    0.0586,    0.9806,    1.4429,    0.6735,    3.5598,    0.5959,   19.1722
   136,    1.1293,    7.2148,    0.7379,    0.3655,    2.3137,    0.0586,    1.0032,    1.4439,    0.6862,    3.8281,    0.3580,   19.2409
   137,    1.0391,    7.2519,    0.7345,    0.4377,    2.3211,    0.0586,    0.9809,    1.4596,    0.6796,    3.5860,    0.5526,   19.1735
   138,    1.1361,    7.1562,    0.7501,    0.3957,    2.3651,    0.0586,    0.9630,    1.4524,    0.6935,    3.8438,    0.3258,   19.2432
   139,    1.0452,    7.1865,    0.7466,    0.4754,    2.3449,    0.0586,    0.9692,    1.4585,    0.6827,    3.5996,    0.5331,   19.1729
   140,    1.1267,    7.1662,    0.7423,    0.3712,    2.3224,    0.0587,    0.9948,    1.5037,    0.6877,    3.8491,    0.3162,   19.2415
   141,    1.0979,    7.1367,    0.7409,    0.4447,    2.3317,    0.0586,    0.9974,    1.4820,    0.6803,    3.5953,    0.5301,   19.1680
   142,    1.1275,    7.1352,    0.7437,    0.4364,    2.3309,    0.0587,    0.9765,    1.4860,    0.6887,    3.8239,    0.3274,   19.2397
   143,    1.0318,    7.2665,    0.7330,    0.4316,    2.3093,    0.0586,    0.9728,    1.4888,    0.6769,    3.6221,    0.5004,   19.1640
   144,    1.1716,    7.1855,    0.7689,    0.3424,    2.3293,    0.0595,    0.9556,    1.4884,    0.7203,    3.9358,    0.1967,   19.2569
   145,    1.0477,    7.3212,    0.7466,    0.3727,    2.3092,    0.0585,    0.9565,    1.5091,    0.6951,    3.6776,    0.4143,   19.1806
   146,    1.1639,    7.1224,    0.7653,    0.3814,    1.1078,    0.0585,    1.9675,    1.7324,    0.7116,    3.9053,    0.2340,   19.2556
   147,    1.0431,    7.2413,    0.7529,    0.4469,    1.0598,    0.0585,    1.9761,    1.7326,    0.6935,    3.6655,    0.4326,   19.1752
   148,    1.1571,    7.1040,    0.7614,    0.3920,    1.1270,    0.0585,    1.9799,    1.7258,    0.7094,    3.9439,    0.1860,   19.2510
   149,    1.0431,    7.2232,    0.7556,    0.4100,    1.0688,    0.0585,    2.0312,    1.7213,    0.6929,    3.7441,    0.3560,   19.1767
   150,    1.1543,    7.1686,    0.7579,    0.3676,    1.0675,    0.0585,    2.0001,    1.7314,    0.7063,    3.9749,    0.1604,   19.2515
   151,    1.0395,    7.2509,    0.7467,    0.4358,    1.0613,    0.0586,    1.9868,    1.6692,    0.6809,    3.8193,    0.3505,   19.1716
   152,    1.1672,    7.1978,    0.7614,    0.3492,    1.0705,    0.0585,    1.9471,    1.6929,    0.7061,    3.9065,    0.2937,   19.2534
   153,    1.0411,    7.2667,    0.7529,    0.4286,    1.0591,    0.0585,    1.9517,    1.6922,    0.6868,    3.6610,    0.5039,   19.1744
   154,    1.1681,    7.1320,    0.7646,    0.3908,    1.0882,    0.0585,    1.9489,    1.6900,    0.7063,    3.9153,    0.2836,   19.2513
   155,    1.0495,    7.2843,    0.7514,    0.4035,    1.0610,    0.0586,    1.9536,    1.6897,    0.6892,    3.6674,    0.4919,   19.1725
   156,    1.1613,    7.1833,    0.7638,    0.3807,    1.0692,    0.0586,    1.9153,    1.7206,    0.7037,    3.8875,    0.3072,   19.2545
   157,    1.0447,    7.2632,    0.7512,    0.4510,    1.0592,    0.0585,    1.9363,    1.6977,    0.6874,    3.6627,    0.4003,   19.0845
   158,    1.1626,    7.1245,    0.7681,    0.4006,    1.1049,    0.0587,    1.9463,    1.6833,    0.7073,    3.9198,    0.2753,   19.2568
   159,    1.0460,    7.1960,    0.7530,    0.5101,    1.0383,    0.0585,    1.9617,    1.6900,    0.6865,    3.6987,    0.4633,   19.1739
   160,    1.1967,    7.0976,    0.7568,    0.3388,    1.0746,    0.0586,    1.9590,    1.8013,    0.6975,    3.8701,    0.3053,   19.2600
   161,    1.0309,    7.2065,    0.7538,    0.4052,    1.0936,    0.0603,    1.9766,    1.7609,    0.6834,    3.6139,    0.5024,   19.1606
   162,    1.1729,    7.0791,    0.7543,    0.3682,    1.1295,    0.0586,    1.9646,    1.7602,    0.6971,    3.8811,    0.2832,   19.2547
   163,    1.0379,    7.2651,    0.7415,    0.3938,    1.1122,    0.0603,    1.9396,    1.7568,    0.6827,    3.6128,    0.4921,   19.1671
   164,    1.1900,    7.1562,    0.7439,    0.3444,    1.1146,    0.0587,    1.9457,    1.7555,    0.6951,    3.8806,    0.2671,   19.2542
   165,    1.0314,    7.2685,    0.7445,    0.4023,    1.0969,    0.0603,    1.9624,    1.7468,    0.6834,    3.6026,    0.4962,   19.1672
   166,    1.1869,    7.0897,    0.7529,    0.3820,    1.1195,    0.0586,    1.9428,    1.7765,    0.6975,    3.8697,    0.2771,   19.2572
   167,    1.0375,    7.1890,    0.7452,    0.4682,    1.1017,    0.0603,    0.7286,    2.9858,    0.6788,    3.6125,    0.4940,   19.1733
   168,    1.1752,    7.0742,    0.7530,    0.3783,    1.1470,    0.0586,    0.7110,    3.0066,    0.7029,    3.8886,    0.2488,   19.2499
   169,    1.0396,    7.1813,    0.7540,    0.4327,    1.0932,    0.0604,    0.7762,    2.9868,    0.6849,    3.6124,    0.4812,   19.1743
   170,    1.1754,    7.1130,    0.7543,    0.3660,    1.0991,    0.0586,    0.7480,    2.9984,    0.7001,    3.8906,    0.2441,   19.2506
   171,    1.0384,    7.2435,    0.7529,    0.4101,    1.1405,    0.0604,    0.7238,    2.8810,    0.6770,    3.7011,    0.3982,   19.0994
   172,    1.1747,    7.1843,    0.7504,    0.3244,    1.1003,    0.0596,    0.7357,    2.9062,    0.6921,    3.9885,    0.2318,   19.2512
   173,    1.0348,    7.2557,    0.7487,    0.4139,    1.0902,    0.0604,    0.7264,    2.9180,    0.6708,    3.7083,    0.4712,   19.1707
   174,    1.1771,    7.1211,    0.7520,    0.3308,    1.1565,    0.0586,    0.7074,    2.9440,    0.6846,    3.9719,    0.2500,   19.2575
   175,    1.0348,    7.2375,    0.7520,    0.3896,    1.1276,    0.0603,    0.7296,    2.9151,    0.6775,    3.7210,    0.4489,   19.1661
   176,    1.0762,    7.2423,    0.7554,    0.3684,    1.1360,    0.0600,    0.7061,    2.9350,    0.7012,    3.7222,    0.4178,   19.1938
   177,    1.0539,    7.2348,    0.7434,    0.4018,    1.1287,    0.0587,    0.6948,    2.9418,    0.6783,    3.6687,    0.4983,   19.1758
   178,    1.0554,    7.1957,    0.7641,    0.3793,    1.1800,    0.0587,    0.7005,    2.9345,    0.6972,    3.6917,    0.4575,   19.1871
   179,    1.0558,    7.1772,    0.7483,    0.4230,    1.1404,    0.0586,    0.7148,    2.9389,    0.6788,    3.6335,    0.5042,   19.1458
   180,    1.0563,    7.2012,    0.7600,    0.4097,    1.0523,    0.0587,    0.7053,    3.0603,    0.6995,    3.7115,    0.4019,   19.1887
   181,    1.0538,    7.1838,    0.7510,    0.4318,    1.0743,    0.0587,    0.7342,    3.0093,    0.6868,    3.6885,    0.4298,   19.1742
   182,    1.0872,    7.1410,    0.7614,    0.4780,    1.0616,    0.0586,    0.7586,    2.9687,    0.6999,    3.7361,    0.2552,   19.0782
   183,    1.0498,    7.1727,    0.7519,    0.4838,    1.0679,    0.0586,    0.7745,    2.9407,    0.6907,    3.6910,    0.4182,   19.1718
   184,    1.0559,    7.2069,    0.7649,    0.4458,    1.1140,    0.0586,    0.7574,    2.9143,    0.7037,    3.6747,    0.4189,   19.1871
   185,    1.0491,    7.1863,    0.7500,    0.4803,    1.0659,    0.0587,    0.7826,    2.9316,    0.6892,    3.6543,    0.4514,   19.1713
   186,    1.0650,    7.1704,    0.7671,    0.4617,    1.0859,    0.0586,    0.7882,    2.9268,    0.7044,    3.6872,    0.3977,   19.1855
   187,    1.0846,    7.1209,    0.7540,    0.4964,    1.0718,    0.0586,    0.8091,    2.9144,    0.6922,    3.6477,    0.4483,   19.1703
   188,    1.0558,    7.1679,    0.7631,    0.4398,    1.1126,    0.0586,    0.8299,    2.8939,    0.7063,    3.6801,    0.4069,   19.1871
   189,    1.0587,    7.1603,    0.7577,    0.4462,    1.1308,    0.0586,    0.8000,    2.8992,    0.6911,    3.6264,    0.4735,   19.1747
   190,    1.0638,    7.1921,    0.7592,    0.4504,    1.1184,    0.0586,    0.7972,    2.8813,    0.7041,    3.6694,    0.4057,   19.1722
   191,    1.0503,    7.2204,    0.7480,    0.4382,    1.0836,    0.0586,    0.8422,    2.8046,    0.6777,    3.6881,    0.4842,   19.1680
   192,    1.1285,    7.2335,    0.7000,    0.4001,    1.0845,    0.0586,    0.8669,    2.7763,    0.7049,    3.8481,    0.3176,   19.2245
   193,    1.0904,    7.2217,    0.7056,    0.4226,    1.0764,    0.0586,    0.7994,    2.8440,    0.7033,    3.9057,    0.2693,   19.2023
   194,    1.1300,    7.1275,    0.7297,    0.4252,    1.1199,    0.0594,    0.8506,    2.7909,    0.7081,    3.8725,    0.2853,   19.2064
   195,    1.0924,    7.1406,    0.7283,    0.4495,    1.1070,    0.0586,    0.8312,    2.8114,    0.7034,    3.8934,    0.2814,   19.2033
   196,    1.1229,    6.9437,    0.7524,    0.6082,    1.1070,    0.0586,    0.8157,    2.8326,    0.6980,    3.8243,    0.2855,   19.1531
   197,    1.0838,    6.9514,    0.7525,    0.6264,    1.0806,    0.0586,    0.8353,    2.8280,    0.7024,    3.8804,    0.2866,   19.1912
   198,    1.1130,    6.9015,    0.7530,    0.6269,    1.1381,    0.0586,    0.8613,    2.7827,    0.7043,    3.8272,    0.3405,   19.2144
   199,    1.0913,    6.8930,    0.7503,    0.6475,    1.1190,    0.0586,    0.8369,    2.8211,    0.6997,    3.8761,    0.2967,   19.1973
   200,    1.1285,    6.9427,    0.7554,    0.5555,    1.0666,    0.0586,    0.7200,    3.0571,    0.7089,    3.8198,    0.3010,   19.2175
   201,    1.0827,    6.9694,    0.7543,    0.5646,    1.0937,    0.0586,    0.7407,    3.0035,    0.7123,    3.8924,    0.2285,   19.2034
   202,    1.1170,    6.9193,    0.7556,    0.5744,    1.1308,    0.0590,    0.9129,    2.8240,    0.7087,    3.8422,    0.2663,   19.2160
   203,    1.0773,    6.9734,    0.7540,    0.5757,    1.1669,    0.0585,    0.8352,    2.8281,    0.7083,    3.9024,    0.2189,   19.2010
   204,    1.1176,    6.9583,    0.7552,    0.6036,    1.1813,    0.0588,    0.8437,    2.7826,    0.7084,    3.8360,    0.2692,   19.2180
   205,    1.0813,    6.9661,    0.7531,    0.6226,    1.1330,    0.0586,    0.8442,    2.8177,    0.7104,    3.9040,    0.2097,   19.2032
   206,    1.1032,    6.9527,    0.7527,    0.4803,    1.2882,    0.0586,    0.7236,    2.9391,    0.7079,    3.8310,    0.2729,   19.2148
   207,    1.0885,    6.9404,    0.7522,    0.6452,    1.1260,    0.0585,    0.7076,    2.9633,    0.7110,    3.8918,    0.2186,   19.2066
   208,    1.1203,    6.9186,    0.7352,    0.6770,    1.1232,    0.0585,    0.7036,    2.9671,    0.6809,    3.8256,    0.3149,   19.2287
   209,    1.0451,    6.9984,    0.7388,    0.6781,    1.1396,    0.0585,    0.6929,    2.9562,    0.6622,    3.6942,    0.4360,   19.1720
   210,    1.1374,    6.9822,    0.7389,    0.4634,    1.2387,    0.0594,    0.7330,    2.9490,    0.6835,    3.8235,    0.3195,   19.2319
   211,    1.0398,    7.0219,    0.7394,    0.6715,    1.1214,    0.0586,    0.6924,    2.9040,    0.6739,    3.7325,    0.4464,   19.1737
   212,    1.0945,    7.0176,    0.7299,    0.6153,    1.1281,    0.0586,    0.7061,    2.8916,    0.6760,    3.7901,    0.4093,   19.2210
   213,    1.0373,    7.0294,    0.7397,    0.6696,    1.1176,    0.0585,    0.7003,    2.8939,    0.6685,    3.6859,    0.4989,   19.1712
   214,    1.1092,    7.0311,    0.7328,    0.5506,    1.1669,    0.0585,    0.7055,    2.8913,    0.6780,    3.7923,    0.4092,   19.2290
   215,    1.0396,    7.1605,    0.7189,    0.5575,    1.1121,    0.0586,    0.7058,    2.8875,    0.6694,    3.7050,    0.4836,   19.1700
   216,    1.1371,    7.1080,    0.7201,    0.4792,    1.1414,    0.0586,    0.7069,    2.8826,    0.6811,    3.8281,    0.3809,   19.2262
   217,    1.0380,    7.1536,    0.7256,    0.5444,    1.1123,    0.0585,    0.7183,    2.8960,    0.6745,    3.6851,    0.3983,   19.0766
   218,    1.1158,    7.0638,    0.7302,    0.5139,    1.1635,    0.0586,    0.7053,    2.8872,    0.6836,    3.8273,    0.3753,   19.2289
   219,    1.0430,    7.0844,    0.7369,    0.6245,    1.0921,    0.0586,    0.7090,    2.8929,    0.6749,    3.6898,    0.4937,   19.1722
   220,    1.1146,    7.1346,    0.7222,    0.4302,    1.0531,    0.0587,    0.8225,    2.7807,    0.6694,    3.9892,    0.3553,   19.2321
   221,    1.0401,    7.1475,    0.7246,    0.5001,    1.0612,    0.0586,    0.8231,    2.7680,    0.6554,    3.8779,    0.4422,   19.1707
   222,    1.1061,    6.9744,    0.7349,    0.5923,    1.0694,    0.0586,    0.8216,    2.7594,    0.6723,    4.0066,    0.3230,   19.2220
   223,    1.0350,    7.0338,    0.7361,    0.6144,    1.1049,    0.0586,    0.8017,    2.7402,    0.6559,    3.8914,    0.4215,   19.1652
   224,    1.1575,    6.9983,    0.7579,    0.5422,    1.1667,    0.0602,    0.7147,    2.7430,    0.7076,    3.9971,    0.2681,   19.2181
   225,    1.0461,    7.0342,    0.7737,    0.6033,    1.0930,    0.0604,    0.7818,    2.7405,    0.6970,    3.8257,    0.4348,   19.1645
   226,    1.1020,    7.0400,    0.7502,    0.5585,    1.1000,    0.0586,    0.7297,    2.7899,    0.6989,    3.9836,    0.2964,   19.2121
   227,    1.0604,    7.0193,    0.7692,    0.6114,    1.0930,    0.0603,    0.7327,    2.7916,    0.6925,    3.8212,    0.4425,   19.1682
   228,    1.0931,    7.0238,    0.7453,    0.5949,    1.0902,    0.0586,    0.7204,    2.8018,    0.6964,    3.9686,    0.2782,   19.1770
   229,    1.0443,    7.0448,    0.7702,    0.6107,    1.0911,    0.0604,    0.7422,    2.7755,    0.6884,    3.7951,    0.4733,   19.1695
   230,    1.0857,    7.0667,    0.7497,    0.5644,    1.0868,    0.0586,    0.7377,    2.7783,    0.6831,    3.9991,    0.2928,   19.2065
   231,    1.0464,    7.0486,    0.7700,    0.6198,    1.0896,    0.0603,    0.7229,    2.7949,    0.6979,    3.7799,    0.4690,   19.1727
   232,    1.0931,    7.0654,    0.7499,    0.5630,    1.0919,    0.0586,    0.7260,    2.8020,    0.7014,    3.8775,    0.3757,   19.2072
   233,    1.0573,    7.0622,    0.7704,    0.6064,    1.0922,    0.0604,    0.7230,    2.8100,    0.7006,    3.7053,    0.5176,   19.1787
   234,    1.1017,    6.9475,    0.7536,    0.6701,    1.0983,    0.0586,    0.7170,    2.8396,    0.7108,    3.8465,    0.3606,   19.2088
   235,    1.0502,    7.2000,    0.7500,    0.4932,    1.0917,    0.0603,    0.7236,    2.8427,    0.7049,    3.6593,    0.5036,   19.1534
   236,    1.0882,    7.1976,    0.7274,    0.4449,    1.1155,    0.0586,    0.7138,    2.8599,    0.6996,    3.8000,    0.3991,   19.2058
   237,    1.0458,    7.1916,    0.7483,    0.4890,    1.0901,    0.0604,    0.7405,    2.8571,    0.7005,    3.6546,    0.5197,   19.1713
   238,    1.0885,    7.1357,    0.7434,    0.5189,    1.0829,    0.0586,    0.7173,    2.8644,    0.7008,    3.8001,    0.3955,   19.2076
   239,    1.0453,    7.1300,    0.7551,    0.5716,    1.0680,    0.0603,    0.7327,    2.8597,    0.6947,    3.6428,    0.5389,   19.1724
   240,    1.1175,    7.1709,    0.7164,    0.3454,    1.1525,    0.0586,    0.6930,    2.8643,    0.6856,    3.7930,    0.5324,   19.2315
   241,    1.0395,    7.1951,    0.7440,    0.3858,    1.1602,    0.0587,    0.6974,    2.8481,    0.6890,    3.6093,    0.6735,   19.1732
   242,    1.1417,    6.9905,    0.7408,    0.4617,    1.1413,    0.0586,    0.7926,    2.7909,    0.6850,    3.7999,    0.5150,   19.2240
   243,    1.0374,    7.0814,    0.7614,    0.4723,    1.1730,    0.0586,    0.7768,    2.7681,    0.6894,    3.6379,    0.6419,   19.1706
   244,    1.1068,    7.0824,    0.7385,    0.3904,    1.2901,    0.0587,    0.7108,    2.7434,    0.6829,    3.8158,    0.5012,   19.2238
   245,    1.0392,    7.0956,    0.7576,    0.4495,    1.2153,    0.0587,    0.7672,    2.7668,    0.6917,    3.6323,    0.6295,   19.1756
   246,    1.1080,    7.0790,    0.7377,    0.4185,    1.2037,    0.0586,    0.7129,    2.8233,    0.6866,    3.8017,    0.4925,   19.2257
   247,    1.0370,    7.0863,    0.7600,    0.4722,    1.1949,    0.0587,    0.7079,    2.8315,    0.6958,    3.6221,    0.6293,   19.1675
   248,    1.1100,    7.0523,    0.7377,    0.4434,    1.2007,    0.0588,    0.7120,    2.8264,    0.6886,    3.8272,    0.4675,   19.2286
   249,    1.0474,    7.0831,    0.7571,    0.4735,    1.1984,    0.0589,    0.7031,    2.8300,    0.7032,    3.6594,    0.5851,   19.1712
   250,    1.1112,    7.0859,    0.7415,    0.4045,    1.2077,    0.0588,    0.7087,    2.8356,    0.6950,    3.8417,    0.4353,   19.2282
   251,    1.0406,    7.0986,    0.7605,    0.4643,    1.2089,    0.0592,    0.7057,    2.8386,    0.7012,    3.6665,    0.5060,   19.1226
   252,    1.1254,    7.0118,    0.7420,    0.4371,    1.2464,    0.0597,    0.7155,    2.8485,    0.6903,    3.8592,    0.3899,   19.2306
   253,    1.0493,    7.0327,    0.7600,    0.4924,    1.2452,    0.0595,    0.7045,    2.8631,    0.7001,    3.6735,    0.5201,   19.1723
   254,    1.1073,    7.0628,    0.7397,    0.4205,    1.2389,    0.0587,    0.7089,    2.8728,    0.6827,    3.8335,    0.2935,   19.1217
   255,    1.0709,    7.1724,    0.7414,    0.3765,    1.2167,    0.0594,    0.7121,    2.8770,    0.6964,    3.6310,    0.5448,   19.1712
   256,    1.1726,    7.1238,    0.7452,    0.3156,    1.2184,    0.0595,    0.7146,    2.8829,    0.6933,    3.8704,    0.3492,   19.2483
   257,    1.0419,    7.2179,    0.7546,    0.3599,    1.1917,    0.0585,    0.7305,    2.8823,    0.6948,    3.7165,    0.4544,   19.1753
   258,    1.1586,    7.0655,    0.7504,    0.3346,    1.2553,    0.0585,    0.7083,    2.8967,    0.6875,    3.9100,    0.3096,   19.2377
   259,    1.0326,    7.1995,    0.7520,    0.3379,    1.2378,    0.0585,    0.7036,    2.9086,    0.6931,    3.6987,    0.4712,   19.1656
   260,    1.1915,    7.1118,    0.7372,    0.3752,    1.0501,    0.0586,    0.7288,    2.8671,    0.6757,    3.8195,    0.5357,   19.2528
   261,    1.0383,    7.2580,    0.7403,    0.3871,    1.0581,    0.0585,    0.7749,    2.8091,    0.6809,    3.6803,    0.6139,   19.1712
   262,    1.1434,    7.0392,    0.7433,    0.4251,    1.1242,    0.0586,    0.9113,    2.6777,    0.6822,    3.8254,    0.4987,   19.2338
   263,    1.0447,    7.1461,    0.7582,    0.4796,    1.0684,    0.0586,    0.9334,    2.6459,    0.6819,    3.6901,    0.5977,   19.1764
   264,    1.1473,    7.0489,    0.7498,    0.4884,    1.1356,    0.0585,    0.8665,    2.6316,    0.6889,    3.8970,    0.4250,   19.2418
   265,    1.0399,    7.1565,    0.7610,    0.4951,    1.0802,    0.0585,    0.9106,    2.6315,    0.6854,    3.8093,    0.4707,   19.1707
   266,    1.1492,    7.0436,    0.7497,    0.4130,    1.1607,    0.0585,    0.8507,    2.7160,    0.6914,    3.9224,    0.3835,   19.2427
   267,    1.0366,    7.1149,    0.7654,    0.5352,    1.0793,    0.0585,    0.8310,    2.7406,    0.6956,    3.8008,    0.4394,   19.1706
   268,    1.1542,    7.0116,    0.7428,    0.5305,    1.0852,    0.0585,    0.8398,    2.7400,    0.6899,    3.9210,    0.3659,   19.2439
   269,    1.0392,    7.1149,    0.7624,    0.5420,    1.0951,    0.0585,    0.8270,    2.7436,    0.6946,    3.7991,    0.4250,   19.1734
   270,    1.1534,    7.0461,    0.7460,    0.4119,    1.1777,    0.0585,    0.8304,    2.7700,    0.6895,    3.9360,    0.3200,   19.2432
   271,    1.0384,    7.1170,    0.7617,    0.5361,    1.0961,    0.0585,    0.8376,    2.7640,    0.6975,    3.7895,    0.3993,   19.1674
   272,    1.1081,    7.0206,    0.7463,    0.5373,    1.1264,    0.0588,    0.8443,    2.7664,    0.6945,    3.8047,    0.4097,   19.2218
   273,    1.1049,    6.9733,    0.7571,    0.5905,    1.1320,    0.0586,    0.8230,    2.7847,    0.6911,    3.6088,    0.5613,   19.1572
   274,    1.1021,    6.9884,    0.7418,    0.5251,    1.1863,    0.0586,    0.8406,    2.7720,    0.6931,    3.7928,    0.4124,   19.2182
   275,    1.0974,    7.1390,    0.7414,    0.4459,    1.1310,    0.0585,    0.8288,    2.7843,    0.6866,    3.6061,    0.5763,   19.1673
   276,    1.1017,    7.1857,    0.7313,    0.3781,    1.1493,    0.0586,    0.8193,    2.8011,    0.6891,    3.8323,    0.2877,   19.1365
   277,    1.1026,    7.1269,    0.7397,    0.4412,    1.1567,    0.0585,    0.7956,    2.8146,    0.6833,    3.6809,    0.4953,   19.1671
   278,    1.0852,    7.1287,    0.7391,    0.3674,    1.2308,    0.0587,    0.8295,    2.7790,    0.6893,    3.8722,    0.3290,   19.2125
   279,    1.0984,    7.0706,    0.7498,    0.4934,    1.1340,    0.0586,    0.8361,    2.7928,    0.6859,    3.6882,    0.4917,   19.1712
   280,    1.0901,    7.1957,    0.7344,    0.3251,    1.1123,    0.0586,    0.8365,    2.7587,    0.6831,    3.7623,    0.5603,   19.2197
   281,    1.1277,    7.0999,    0.7409,    0.3883,    1.1263,    0.0585,    0.8308,    2.7464,    0.6744,    3.6074,    0.6930,   19.1654
   282,    1.1454,    7.0333,    0.7455,    0.4196,    1.1338,    0.0585,    0.8317,    2.7497,    0.6830,    3.8129,    0.5030,   19.2200
   283,    1.1004,    7.0235,    0.7549,    0.4767,    1.1815,    0.0586,    0.7725,    2.7558,    0.6768,    3.6153,    0.6788,   19.1680
   284,    1.0871,    7.0956,    0.7409,    0.4115,    1.2833,    0.0591,    0.7155,    2.7285,    0.6684,    3.8048,    0.5167,   19.2154
   285,    1.1047,    7.0207,    0.7561,    0.4710,    1.2267,    0.0585,    0.7467,    2.7547,    0.6804,    3.6380,    0.6386,   19.1682
   286,    1.0898,    7.0889,    0.7441,    0.4142,    1.2289,    0.0587,    0.7239,    2.8066,    0.6899,    3.8128,    0.4572,   19.2181
   287,    1.1058,    7.0116,    0.7538,    0.4798,    1.2262,    0.0586,    0.7081,    2.8244,    0.6851,    3.6413,    0.5919,   19.1585
   288,    1.0883,    7.0598,    0.7656,    0.4484,    1.2328,    0.0596,    0.7431,    2.8069,    0.7003,    3.7632,    0.4432,   19.1848
   289,    1.0349,    7.0865,    0.7391,    0.4923,    1.2431,    0.0586,    0.7110,    2.8306,    0.6689,    3.6013,    0.6286,   19.1675
   290,    1.0630,    7.1069,    0.7534,    0.4648,    1.2092,    0.0585,    0.7103,    2.8604,    0.6940,    3.7156,    0.4659,   19.1742
   291,    1.0341,    7.0972,    0.7389,    0.5197,    1.2096,    0.0585,    0.7102,    2.8625,    0.6722,    3.6037,    0.5906,   19.1697
   292,    1.0639,    7.0399,    0.7609,    0.5246,    1.2084,    0.0585,    0.7110,    2.8713,    0.6950,    3.7416,    0.4262,   19.1732
   293,    1.0344,    7.0397,    0.7388,    0.5787,    1.2150,    0.0586,    0.7088,    2.8621,    0.6722,    3.6286,    0.5602,   19.1689
   294,    1.0578,    7.0069,    0.7600,    0.5604,    1.2172,    0.0585,    0.7101,    2.8684,    0.6955,    3.7715,    0.3912,   19.1691
   295,    1.0413,    7.1019,    0.7369,    0.5209,    1.2149,    0.0585,    0.7086,    2.8701,    0.6695,    3.6335,    0.5509,   19.1789
   296,    1.0588,    7.0941,    0.7565,    0.4432,    1.2481,    0.0585,    0.7113,    2.8803,    0.6950,    3.7720,    0.3792,   19.1689
   297,    1.0341,    7.0931,    0.7396,    0.4929,    1.2583,    0.0586,    0.7058,    2.8680,    0.6722,    3.6420,    0.5339,   19.1708
   298,    1.0632,    7.0468,    0.7600,    0.4769,    1.2664,    0.0586,    0.7104,    2.8686,    0.6970,    3.7179,    0.4328,   19.1709
   299,    1.0481,    7.0316,    0.7430,    0.5311,    1.2415,    0.0586,    0.7173,    2.8721,    0.6723,    3.5781,    0.6057,   19.1718
   300,    1.0631,    6.9772,    0.7578,    0.6220,    1.0486,    0.0587,    0.7431,    2.8372,    0.6780,    3.6739,    0.6427,   19.1740
   301,    1.0339,    7.0689,    0.7404,    0.5778,    1.1115,    0.0586,    0.6996,    2.8164,    0.6544,    3.5519,    0.7820,   19.1676
   302,    1.0624,    7.0904,    0.7550,    0.4613,    1.1212,    0.0585,    0.8228,    2.7497,    0.6821,    3.6818,    0.6166,   19.1739
   303,    1.0335,    7.0874,    0.7406,    0.5583,    1.1124,    0.0586,    0.8009,    2.7309,    0.6564,    3.5720,    0.7436,   19.1667
   304,    1.1174,    7.0194,    0.7454,    0.5545,    1.1741,    0.0591,    0.7068,    2.7331,    0.6737,    3.8615,    0.4743,   19.2231
   305,    1.0416,    7.0624,    0.7494,    0.6151,    1.1219,    0.0642,    0.8065,    2.6834,    0.6867,    3.6833,    0.5877,   19.1751
   306,    1.1220,    6.9844,    0.7457,    0.4822,    1.2149,    0.0596,    0.7197,    2.8256,    0.6858,    3.8599,    0.4107,   19.2157
   307,    1.0416,    7.0393,    0.7507,    0.6384,    1.1210,    0.0643,    0.7591,    2.7790,    0.6916,    3.6623,    0.5561,   19.1762
   308,    1.1088,    6.9707,    0.7453,    0.6223,    1.1076,    0.0596,    0.7178,    2.8285,    0.6827,    3.8290,    0.4399,   19.2181
   309,    1.0313,    7.0174,    0.7511,    0.6824,    1.1222,    0.0642,    0.7580,    2.7754,    0.6922,    3.6730,    0.5286,   19.1677
   310,    1.1074,    6.9716,    0.7439,    0.5455,    1.2006,    0.0594,    0.7176,    2.8456,    0.6905,    3.8248,    0.4031,   19.2158
   311,    1.0352,    7.0323,    0.7554,    0.6636,    1.1220,    0.0642,    0.7617,    2.8044,    0.7022,    3.6499,    0.5075,   19.1704
   312,    1.1131,    6.9996,    0.7493,    0.5968,    1.1181,    0.0593,    0.7177,    2.8576,    0.6971,    3.8462,    0.2929,   19.1522
   313,    1.0329,    7.0441,    0.7549,    0.6576,    1.1224,    0.0642,    0.7581,    2.8073,    0.7008,    3.6633,    0.4917,   19.1694
   314,    1.1102,    6.9488,    0.7458,    0.5668,    1.2066,    0.0594,    0.7179,    2.8599,    0.6940,    3.8768,    0.3032,   19.1969
   315,    1.0439,    7.1399,    0.7408,    0.5675,    1.1216,    0.0642,    0.7619,    2.8114,    0.7048,    3.6653,    0.4769,   19.1707
   316,    1.1185,    7.0884,    0.7294,    0.5337,    1.1115,    0.0593,    0.7176,    2.8666,    0.6921,    3.8407,    0.3609,   19.2203
   317,    1.0398,    7.1356,    0.7387,    0.5900,    1.1216,    0.0642,    0.7701,    2.7985,    0.7006,    3.6410,    0.5002,   19.1724
   318,    1.1371,    7.0213,    0.7409,    0.4329,    1.2574,    0.0593,    0.7128,    2.8601,    0.6927,    3.8414,    0.3577,   19.2170
   319,    1.0341,    7.0890,    0.7472,    0.6305,    1.0987,    0.0646,    0.7731,    2.8097,    0.6955,    3.6454,    0.5095,   19.1691
   320,    1.0598,    7.0369,    0.7606,    0.5525,    1.0707,    0.0586,    0.7407,    2.8391,    0.6742,    3.6391,    0.6821,   19.1870
   321,    1.0354,    7.1165,    0.7663,    0.4820,    1.0905,    0.0604,    0.7506,    2.8070,    0.6753,    3.6104,    0.6859,   19.1542
   322,    1.0432,    7.1548,    0.7400,    0.4107,    1.1946,    0.0586,    0.7416,    2.7788,    0.6757,    3.6467,    0.6596,   19.1765
   323,    1.0403,    7.1317,    0.7635,    0.4654,    1.1346,    0.0604,    0.7862,    2.7432,    0.6792,    3.5942,    0.6990,   19.1715
   324,    1.0440,    7.1191,    0.7491,    0.4776,    1.2338,    0.0596,    0.7040,    2.7420,    0.6786,    3.7810,    0.5076,   19.1694
   325,    1.0370,    7.0613,    0.7715,    0.5283,    1.1807,    0.0603,    0.7580,    2.7381,    0.6795,    3.7402,    0.5432,   19.1715
   326,    1.0410,    7.1008,    0.7555,    0.5319,    1.1461,    0.0586,    0.7145,    2.8558,    0.6875,    3.7297,    0.4820,   19.1754
   327,    1.0411,    7.0798,    0.7694,    0.5529,    1.1359,    0.0603,    0.7267,    2.8376,    0.6885,    3.6856,    0.5060,   19.1573
   328,    1.0429,    7.0761,    0.7573,    0.5680,    1.1389,    0.0586,    0.7114,    2.8603,    0.6888,    3.7462,    0.4571,   19.1777
   329,    1.0655,    7.0294,    0.7717,    0.5781,    1.1536,    0.0603,    0.7257,    2.8274,    0.6929,    3.6841,    0.5094,   19.1715
   330,    1.0373,    7.0748,    0.7554,    0.5567,    1.1651,    0.0585,    0.7140,    2.8685,    0.6885,    3.7442,    0.4334,   19.1691
   331,    1.0384,    7.0732,    0.7738,    0.5624,    1.1526,    0.0603,    0.7249,    2.8621,    0.6907,    3.6897,    0.4712,   19.1733
   332,    1.0347,    7.0567,    0.7526,    0.5403,    1.2065,    0.0588,    0.7161,    2.8873,    0.6831,    3.7507,    0.4103,   19.1695
   333,    1.0360,    7.0353,    0.7742,    0.5475,    1.2145,    0.0603,    0.7232,    2.8611,    0.6882,    3.6923,    0.4664,   19.1725
   334,    1.0337,    7.0398,    0.7489,    0.5482,    1.2292,    0.0585,    0.7112,    2.8859,    0.6773,    3.7460,    0.4187,   19.1696
   335,    1.0379,    7.1438,    0.7657,    0.4449,    1.2141,    0.0603,    0.7229,    2.8697,    0.6878,    3.7035,    0.4466,   19.1705
   336,    1.1283,    7.0859,    0.7390,    0.3919,    1.2361,    0.0586,    0.7103,    2.8969,    0.6795,    4.0273,    0.1713,   19.2268
   337,    1.0349,    7.1343,    0.7492,    0.4533,    1.2420,    0.0585,    0.7061,    2.8852,    0.6826,    3.7029,    0.4472,   19.1687
   338,    1.1295,    7.0249,    0.7406,    0.4502,    1.2429,    0.0591,    0.7193,    2.8744,    0.6646,    4.0667,    0.1462,   19.2209
   339,    1.0335,    7.0698,    0.7608,    0.5210,    1.2048,    0.0585,    0.7210,    2.8822,    0.6874,    3.7026,    0.4528,   19.1670
   340,    1.1185,    6.9443,    0.7401,    0.5776,    1.0586,    0.0586,    0.8257,    2.7583,    0.6734,    3.9916,    0.3666,   19.2185
   341,    1.0313,    7.1082,    0.7542,    0.5163,    1.0713,    0.0585,    0.8294,    2.7326,    0.6705,    3.6915,    0.6275,   19.1634
   342,    1.1275,    7.0768,    0.7396,    0.4364,    1.0938,    0.0595,    0.8438,    2.7106,    0.6779,    4.0553,    0.2878,   19.2111
   343,    1.0372,    7.1280,    0.7443,    0.5124,    1.0744,    0.0587,    0.8437,    2.7305,    0.6719,    3.6838,    0.6179,   19.1745
   344,    1.1176,    7.0196,    0.7432,    0.4964,    1.0974,    0.0586,    0.8199,    2.7461,    0.6786,    4.0541,    0.2869,   19.2218
   345,    1.0381,    7.1041,    0.7515,    0.5226,    1.0914,    0.0586,    0.8119,    2.7589,    0.6791,    3.6884,    0.5968,   19.1733
   346,    1.1313,    7.0171,    0.7404,    0.5344,    1.0821,    0.0587,    0.7394,    2.8649,    0.6844,    3.9783,    0.2899,   19.2240
   347,    1.0368,    7.0675,    0.7581,    0.5922,    1.0712,    0.0586,    0.7439,    2.8726,    0.6895,    3.6180,    0.5873,   19.1684
   348,    1.1222,    7.0087,    0.7403,    0.5535,    1.0823,    0.0586,    0.7422,    2.8721,    0.6852,    4.0265,    0.2282,   19.2236
   349,    1.0374,    7.0464,    0.7493,    0.6227,    1.0716,    0.0586,    0.7601,    2.8625,    0.6822,    3.6949,    0.5091,   19.1665
   350,    1.1191,    7.0048,    0.7421,    0.5578,    1.0859,    0.0589,    0.7528,    2.8822,    0.6831,    4.0326,    0.1959,   19.2193
   351,    1.0350,    7.0393,    0.7592,    0.6218,    1.0709,    0.0586,    0.7581,    2.8894,    0.6859,    3.6787,    0.4893,   19.1583
   352,    1.0755,    6.9637,    0.7696,    0.5655,    1.1642,    0.0586,    0.7258,    2.8977,    0.6978,    3.8107,    0.3571,   19.1928
   353,    1.0393,    6.9516,    0.7544,    0.6566,    1.1376,    0.0585,    0.7536,    2.8895,    0.6821,    3.6159,    0.5533,   19.1644
   354,    1.0641,    6.9116,    0.7633,    0.6299,    1.1429,    0.0585,    0.7541,    2.8940,    0.6988,    3.8109,    0.3516,   19.1861
   355,    1.0350,    7.1355,    0.7414,    0.4906,    1.1181,    0.0586,    0.7779,    2.8897,    0.6774,    3.6194,    0.5498,   19.1655
   356,    1.0624,    7.1382,    0.7584,    0.3887,    1.1345,    0.0587,    0.7911,    2.8882,    0.6997,    3.8024,    0.3597,   19.1871
   357,    1.0268,    7.1306,    0.7422,    0.4798,    1.1105,    0.0586,    0.8038,    2.8944,    0.6769,    3.6048,    0.5602,   19.1602
   358,    1.0609,    7.0832,    0.7612,    0.4593,    1.1095,    0.0586,    0.8070,    2.8835,    0.6964,    3.7978,    0.3639,   19.1866
   359,    1.0383,    7.0532,    0.7504,    0.5501,    1.0839,    0.0585,    0.8157,    2.8901,    0.6749,    3.6118,    0.5582,   19.1568
   360,    1.0672,    6.9959,    0.7695,    0.5282,    1.1274,    0.0586,    0.6890,    2.8374,    0.6872,    3.7755,    0.5497,   19.1920
   361,    1.0310,    7.1046,    0.7450,    0.5084,    1.0923,    0.0586,    0.7426,    2.8174,    0.6658,    3.5952,    0.7289,   19.1616
   362,    1.0716,    7.1304,    0.7581,    0.4051,    1.1595,    0.0585,    0.7052,    2.7977,    0.6906,    3.8064,    0.5028,   19.1900
   363,    1.0288,    7.1196,    0.7433,    0.5115,    1.1283,    0.0586,    0.7096,    2.8146,    0.6714,    3.6001,    0.7031,   19.1613
   364,    1.0667,    7.0665,    0.7647,    0.4792,    1.0958,    0.0586,    0.7306,    2.8354,    0.6936,    3.8364,    0.4576,   19.1909
   365,    1.0304,    7.0579,    0.7461,    0.5747,    1.0876,    0.0586,    0.7060,    2.8667,    0.6728,    3.6649,    0.6095,   19.1481
   366,    1.0641,    7.0761,    0.7639,    0.4601,    1.1324,    0.0585,    0.7026,    2.9068,    0.6981,    3.8010,    0.4198,   19.1886
   367,    1.0267,    7.0662,    0.7478,    0.5650,    1.1044,    0.0586,    0.7331,    2.8906,    0.6730,    3.6064,    0.6156,   19.1591
   368,    1.1981,    6.9378,    0.7805,    0.4534,    1.1422,    0.0629,    0.7253,    2.8808,    0.6918,    3.8069,    0.4111,   19.2003
   369,    1.0332,    7.0468,    0.7338,    0.5828,    1.1157,    0.0585,    0.7276,    2.9077,    0.6814,    3.6435,    0.5609,   19.1644
   370,    1.0960,    7.0299,    0.7803,    0.4786,    1.1250,    0.0629,    0.7238,    2.9010,    0.6969,    3.7994,    0.3906,   19.1939
   371,    1.0342,    7.0406,    0.7325,    0.6251,    1.0931,    0.0585,    0.7336,    2.9158,    0.6836,    3.6338,    0.5437,   19.1666
   372,    1.1109,    6.9273,    0.7937,    0.5652,    1.1364,    0.0645,    0.7287,    2.8871,    0.7003,    3.8257,    0.3425,   19.1938
   373,    1.0442,    6.9459,    0.7509,    0.6938,    1.1063,    0.0586,    0.7328,    2.9098,    0.6850,    3.6321,    0.5350,   19.1664
   374,    1.0915,    6.8794,    0.7916,    0.6209,    1.1254,    0.0629,    0.7234,    2.9176,    0.6959,    3.7932,    0.3758,   19.1876
   375,    1.0323,    6.9030,    0.7572,    0.7448,    1.0855,    0.0585,    0.7280,    2.9397,    0.6860,    3.6251,    0.5354,   19.1683
   376,    1.1216,    6.8439,    0.7952,    0.5953,    1.1266,    0.0623,    0.7284,    2.9423,    0.7000,    3.8010,    0.3583,   19.1856
   377,    1.0454,    6.9004,    0.7612,    0.6909,    1.0987,    0.0586,    0.7282,    2.9693,    0.6927,    3.6344,    0.5160,   19.1674
   378,    1.1034,    6.8910,    0.7922,    0.5600,    1.1283,    0.0621,    0.7285,    2.9606,    0.6952,    3.8114,    0.3499,   19.1924
   379,    1.0371,    6.9210,    0.7556,    0.6861,    1.0855,    0.0586,    0.7304,    2.9758,    0.6860,    3.6422,    0.5188,   19.1694
   380,    1.1030,    6.8317,    0.7910,    0.6472,    1.0719,    0.0628,    0.7370,    2.7456,    0.6781,    3.8583,    0.5595,   19.1949
   381,    1.0412,    6.8741,    0.7637,    0.7371,    1.0729,    0.0585,    0.7491,    2.7375,    0.6669,    3.7124,    0.6881,   19.1737
   382,    1.0958,    6.8623,    0.7926,    0.6354,    1.0992,    0.0622,    0.7480,    2.7340,    0.6819,    3.8528,    0.5203,   19.1941
   383,    1.0456,    6.8716,    0.7553,    0.7489,    1.0747,    0.0586,    0.7472,    2.7621,    0.6679,    3.6856,    0.5914,   19.0805
   384,    1.0744,    6.8831,    0.7659,    0.7069,    1.0753,    0.0598,    0.7366,    2.7814,    0.6850,    3.7686,    0.5704,   19.1806
   385,    1.0368,    6.8989,    0.7583,    0.7362,    1.0609,    0.0604,    0.7267,    2.8071,    0.6781,    3.7769,    0.5599,   19.1725
   386,    1.0859,    6.8593,    0.7565,    0.7283,    1.0606,    0.0587,    0.7341,    2.9150,    0.6861,    3.6648,    0.5556,   19.1772
   387,    1.0400,    6.9753,    0.7477,    0.6745,    1.0874,    0.0604,    0.7161,    2.9118,    0.6911,    3.6467,    0.5533,   19.1765
   388,    1.0534,    6.9604,    0.7505,    0.6500,    1.1144,    0.0586,    0.7124,    2.9110,    0.6856,    3.6509,    0.5557,   19.1745
   389,    1.0430,    6.9637,    0.7473,    0.6680,    1.0946,    0.0604,    0.7391,    2.9032,    0.6934,    3.6536,    0.5374,   19.1757
   390,    1.0515,    6.8835,    0.7601,    0.7530,    1.0889,    0.0586,    0.7100,    2.9262,    0.6910,    3.6526,    0.5276,   19.1750
   391,    1.0416,    6.9436,    0.7495,    0.7254,    1.0754,    0.0603,    0.7403,    2.9141,    0.6999,    3.6335,    0.5242,   19.1798
   392,    1.0526,    6.9557,    0.7508,    0.6925,    1.1117,    0.0585,    0.7106,    2.9139,    0.6967,    3.6532,    0.5076,   19.1755
   393,    1.0387,    6.9568,    0.7531,    0.7095,    1.0892,    0.0604,    0.7409,    2.9038,    0.7012,    3.6547,    0.4948,   19.1753
   394,    1.0554,    6.8134,    0.7595,    0.8236,    1.0883,    0.0588,    0.7088,    2.9430,    0.6976,    3.6512,    0.5038,   19.1759
   395,    1.0423,    6.8792,    0.7453,    0.7965,    1.0668,    0.0603,    0.7337,    2.9365,    0.6995,    3.6448,    0.5008,   19.1779
   396,    1.0820,    6.8574,    0.7546,    0.7166,    1.1012,    0.0587,    0.7092,    2.9743,    0.6938,    3.6591,    0.4949,   19.1736
   397,    1.0414,    6.9095,    0.7551,    0.7161,    1.0816,    0.0603,    0.7352,    2.9658,    0.7006,    3.6418,    0.4992,   19.1787
   398,    1.0556,    6.9124,    0.7571,    0.6854,    1.0884,    0.0587,    0.7118,    2.9847,    0.6965,    3.6504,    0.4996,   19.1726
   399,    1.0449,    6.9178,    0.7552,    0.7054,    1.0682,    0.0603,    0.7385,    2.9703,    0.7003,    3.6540,    0.4893,   19.1762
